week_start,age_group,observed_rate,model_rate
2025-09-01,0-18,8.926315789473684,258.4619596311483
2025-09-08,0-18,9.136842105263158,393.74299660245345
2025-09-15,0-18,10.868421052631579,614.0775727947064
2025-09-22,0-18,14.842105263157896,936.9263316684758
2025-09-29,0-18,21.899999999999995,1403.3427534273983
2025-10-06,0-18,19.810526315789474,2057.311581939256
2025-10-13,0-18,13.336842105263159,2931.7002862839126
2025-10-20,0-18,23.978947368421057,4019.797610139208
2025-10-27,0-18,45.86842105263158,5235.47451248906
2025-11-03,0-18,95.34736842105262,6385.877161683506
2025-11-10,0-18,124.75789473684209,7202.700792146069
2025-11-17,0-18,136.75263157894736,7456.826188986972
2025-11-24,0-18,135.89473684210526,7092.556848812291
2025-12-01,0-18,113.15789473684211,6259.138351031044
2025-12-08,0-18,97.82105263157895,5207.887498384218
2025-12-15,0-18,83.1263157894737,4159.244765752752
2025-12-22,0-18,75.14736842105263,3042.1188246067995
2025-12-29,0-18,72.90526315789474,2938.464203162796
2026-01-05,0-18,88.38421052631578,2721.6542345369608
2026-01-12,0-18,95.66842105263159,2520.185843101301
2026-01-19,0-18,99.15263157894736,2306.953622682383
2026-01-26,0-18,94.98947368421052,2079.956383362033
2026-02-02,0-18,109.3894736842105,1848.1283151701273
2026-02-09,0-18,100.66315789473686,1623.1934724615508
2026-02-16,0-18,85.98421052631578,1333.0700065952167
2026-02-23,0-18,44.51052631578948,1189.018741870445
2026-03-02,0-18,36.94736842105263,847.9625219963193
2026-03-09,0-18,35.70526315789474,623.5572481436803
2026-03-16,0-18,37.257894736842104,456.73843879634205
2026-03-23,0-18,34.83157894736842,335.93042706482805
2026-03-30,0-18,28.484210526315792,249.1279135216496
2026-04-06,0-18,21.573684210526316,186.75060728355498
2026-04-13,0-18,17.173684210526318,141.7087156356234
2025-09-01,19-49,8.1,113.94505460687186
2025-09-08,19-49,8.7,147.84867318749457
2025-09-15,19-49,9.3,217.8061833871995
2025-09-22,19-49,8.6,325.8331511957879
2025-09-29,19-49,11.4,486.5048582385392
2025-10-06,19-49,17.6,718.5349056746305
2025-10-13,19-49,9.2,1041.7768566496798
2025-10-20,19-49,11.8,1469.8358828382786
2025-10-27,19-49,15.7,1996.6270033765406
2025-11-03,19-49,34.7,2579.5227462761213
2025-11-10,19-49,50.7,3130.640060492371
2025-11-17,19-49,60.0,3533.8091757165603
2025-11-24,19-49,63.0,3691.596277152813
2025-12-01,19-49,59.3,3574.7961896168654
2025-12-08,19-49,50.5,3234.044660866431
2025-12-15,19-49,39.0,2766.1014822886054
2025-12-22,19-49,37.7,2258.332827293321
2025-12-29,19-49,38.2,2574.104127077182
2026-01-05,19-49,44.2,2536.2619423933716
2026-01-12,19-49,44.8,2420.3173904217124
2026-01-19,19-49,49.3,2236.3682836104754
2026-01-26,19-49,48.9,2008.884652248219
2026-02-02,19-49,51.8,1764.3715765888378
2026-02-09,19-49,46.3,1524.710757853667
2026-02-16,19-49,45.3,1244.517706446381
2026-02-23,19-49,28.1,1073.0474620899865
2026-03-02,19-49,21.7,640.1367789989158
2026-03-09,19-49,14.2,438.78325908765703
2026-03-16,19-49,15.5,303.92528535788114
2026-03-23,19-49,13.6,213.6389463248815
2026-03-30,19-49,12.6,152.55328638253914
2026-04-06,19-49,9.4,110.71266343471983
2026-04-13,19-49,9.4,81.66942277210457
2025-09-01,50-64,5.0,138.64456877007837
2025-09-08,50-64,4.6,177.79144734803697
2025-09-15,50-64,4.9,258.441608111288
2025-09-22,50-64,3.7,382.6975450079447
2025-09-29,50-64,4.4,567.5888729968589
2025-10-06,50-64,7.5,834.9786606803975
2025-10-13,50-64,4.5,1208.505882734699
2025-10-20,50-64,6.4,1705.4286874695517
2025-10-27,50-64,7.3,2321.2192872032874
2025-11-03,50-64,12.1,3009.266884486708
2025-11-10,50-64,17.5,3668.4447300064908
2025-11-17,50-64,18.5,4160.022291443198
2025-11-24,50-64,19.8,4362.569387439233
2025-12-01,50-64,17.3,4234.61519038764
2025-12-08,50-64,17.7,3833.564381290445
2025-12-15,50-64,13.9,3276.406146419294
2025-12-22,50-64,13.1,2703.5881753601175
2025-12-29,50-64,13.6,3216.6618663230247
2026-01-05,50-64,14.7,3219.128893523894
2026-01-12,50-64,14.7,3072.251111551723
2026-01-19,50-64,14.5,2814.0988420791864
2026-01-26,50-64,14.0,2496.286825457185
2026-02-02,50-64,15.4,2163.7731208501955
2026-02-09,50-64,15.3,1847.730659394995
2026-02-16,50-64,15.3,1439.691113661269
2026-02-23,50-64,8.4,1278.2827033037195
2026-03-02,50-64,7.0,724.6448143918665
2026-03-09,50-64,6.0,484.7669571840798
2026-03-16,50-64,6.4,330.0705908046931
2026-03-23,50-64,5.8,229.42461842022664
2026-03-30,50-64,6.0,162.68974864372674
2026-04-06,50-64,4.2,117.60416973298736
2026-04-13,50-64,6.0,86.59076553864423
2025-09-01,65+,4.7,234.07988267357902
2025-09-08,65+,4.2,339.92342400388156
2025-09-15,65+,5.1,512.7334360339771
2025-09-22,65+,3.6,763.4696047062931
2025-09-29,65+,4.9,1125.9169050778353
2025-10-06,65+,6.4,1638.8943768355211
2025-10-13,65+,3.5,2338.231171407986
2025-10-20,65+,6.9,3237.7864688483464
2025-10-27,65+,7.7,4298.0113328908465
2025-11-03,65+,10.7,5393.238271158394
2025-11-10,65+,10.8,6310.1198619207635
2025-11-17,65+,12.9,6813.752661453483
2025-11-24,65+,11.9,6767.058791151438
2025-12-01,65+,10.5,6212.502973122803
2025-12-08,65+,10.6,5337.727225945447
2025-12-15,65+,9.0,4362.346689892349
2025-12-22,65+,10.0,3550.623691807836
2025-12-29,65+,9.3,4359.764167806912
2026-01-05,65+,9.0,4283.700920103002
2026-01-12,65+,9.5,3971.0304610197422
2026-01-19,65+,9.7,3523.20422775999
2026-01-26,65+,9.7,3036.743180550032
2026-02-02,65+,9.8,2574.5359572884436
2026-02-09,65+,8.5,2167.4132209834374
2026-02-16,65+,9.1,1747.462748459174
2026-02-23,65+,6.4,1496.7203248745755
2026-03-02,65+,5.0,790.4686658894494
2026-03-09,65+,3.5,525.244383407047
2026-03-16,65+,4.1,358.8841907608019
2026-03-23,65+,4.0,252.06171177620834
2026-03-30,65+,4.9,181.37381261127655
2026-04-06,65+,3.2,133.35674656419866
2026-04-13,65+,4.6,99.98591880513959
